janitor_version,indicator_name,indicator_code,import_file_source
pa_nus_prvt_pp,"PPP conversion factor, private consumption (LCU per international $)",PA.NUS.PRVT.PP,economic_growth
pa_nus_pppc_rf,Price level ratio of PPP conversion factor (GDP) to market exchange rate,PA.NUS.PPPC.RF,economic_growth
pa_nus_ppp,"PPP conversion factor, GDP (LCU per international $)",PA.NUS.PPP,economic_growth
pa_nus_atls,DEC alternative conversion factor (LCU per US$),PA.NUS.ATLS,economic_growth
ny_ttf_gnfs_kn,Terms of trade adjustment (constant LCU),NY.TTF.GNFS.KN,economic_growth
ny_trf_nctr_kn,Net secondary income (Net current transfers from abroad) (constant LCU),NY.TRF.NCTR.KN,economic_growth
ny_trf_nctr_cn,Net secondary income (Net current transfers from abroad) (current LCU),NY.TRF.NCTR.CN,economic_growth
ny_trf_nctr_cd,Net secondary income (Net current transfers from abroad) (current US$),NY.TRF.NCTR.CD,economic_growth
ny_tax_nind_kn,Taxes less subsidies on products (constant LCU),NY.TAX.NIND.KN,economic_growth
ny_tax_nind_cn,Taxes less subsidies on products (current LCU),NY.TAX.NIND.CN,economic_growth
ny_tax_nind_cd,Taxes less subsidies on products (current US$),NY.TAX.NIND.CD,economic_growth
ny_gsr_nfcy_kn,Net primary income (Net income from abroad) (constant LCU),NY.GSR.NFCY.KN,economic_growth
ny_gsr_nfcy_cn,Net primary income (Net income from abroad) (current LCU),NY.GSR.NFCY.CN,economic_growth
ny_gsr_nfcy_cd,Net primary income (Net income from abroad) (current US$),NY.GSR.NFCY.CD,economic_growth
ny_gns_ictr_zs,Gross savings (% of GDP),NY.GNS.ICTR.ZS,economic_growth
ny_gns_ictr_gn_zs,Gross savings (% of GNI),NY.GNS.ICTR.GN.ZS,economic_growth
ny_gns_ictr_cn,Gross savings (current LCU),NY.GNS.ICTR.CN,economic_growth
ny_gns_ictr_cd,Gross savings (current US$),NY.GNS.ICTR.CD,economic_growth
ny_gnp_pcap_pp_kd,"GNI per capita, PPP (constant 2017 international $)",NY.GNP.PCAP.PP.KD,economic_growth
ny_gnp_pcap_pp_cd,"GNI per capita, PPP (current international $)",NY.GNP.PCAP.PP.CD,economic_growth
ny_gnp_pcap_kn,GNI per capita (constant LCU),NY.GNP.PCAP.KN,economic_growth
ny_gnp_pcap_kd_zg,GNI per capita growth (annual %),NY.GNP.PCAP.KD.ZG,economic_growth
ny_gnp_pcap_kd,GNI per capita (constant 2015 US$),NY.GNP.PCAP.KD,economic_growth
ny_gnp_pcap_cn,GNI per capita (current LCU),NY.GNP.PCAP.CN,economic_growth
ny_gnp_pcap_cd,"GNI per capita, Atlas method (current US$)",NY.GNP.PCAP.CD,economic_growth
ny_gnp_mktp_pp_kd,"GNI, PPP (constant 2017 international $)",NY.GNP.MKTP.PP.KD,economic_growth
ny_gnp_mktp_pp_cd,"GNI, PPP (current international $)",NY.GNP.MKTP.PP.CD,economic_growth
ny_gnp_mktp_kn,GNI (constant LCU),NY.GNP.MKTP.KN,economic_growth
ny_gnp_mktp_kd_zg,GNI growth (annual %),NY.GNP.MKTP.KD.ZG,economic_growth
ny_gnp_mktp_kd,GNI (constant 2015 US$),NY.GNP.MKTP.KD,economic_growth
ny_gnp_mktp_cn_ad,GNI: linked series (current LCU),NY.GNP.MKTP.CN.AD,economic_growth
ny_gnp_mktp_cn,GNI (current LCU),NY.GNP.MKTP.CN,economic_growth
ny_gnp_mktp_cd,GNI (current US$),NY.GNP.MKTP.CD,economic_growth
ny_gnp_atls_cd,"GNI, Atlas method (current US$)",NY.GNP.ATLS.CD,economic_growth
ny_gdy_totl_kn,Gross domestic income (constant LCU),NY.GDY.TOTL.KN,economic_growth
ny_gds_totl_zs,Gross domestic savings (% of GDP),NY.GDS.TOTL.ZS,economic_growth
ny_gds_totl_cn,Gross domestic savings (current LCU),NY.GDS.TOTL.CN,economic_growth
ny_gds_totl_cd,Gross domestic savings (current US$),NY.GDS.TOTL.CD,economic_growth
ny_gdp_pcap_pp_kd,"GDP per capita, PPP (constant 2017 international $)",NY.GDP.PCAP.PP.KD,economic_growth
ny_gdp_pcap_pp_cd,"GDP per capita, PPP (current international $)",NY.GDP.PCAP.PP.CD,economic_growth
ny_gdp_pcap_kn,GDP per capita (constant LCU),NY.GDP.PCAP.KN,economic_growth
ny_gdp_pcap_kd_zg,GDP per capita growth (annual %),NY.GDP.PCAP.KD.ZG,economic_growth
ny_gdp_pcap_kd,GDP per capita (constant 2015 US$),NY.GDP.PCAP.KD,economic_growth
ny_gdp_pcap_cn,GDP per capita (current LCU),NY.GDP.PCAP.CN,economic_growth
ny_gdp_pcap_cd,GDP per capita (current US$),NY.GDP.PCAP.CD,economic_growth
ny_gdp_mktp_pp_kd,"GDP, PPP (constant 2017 international $)",NY.GDP.MKTP.PP.KD,economic_growth
ny_gdp_mktp_pp_cd,"GDP, PPP (current international $)",NY.GDP.MKTP.PP.CD,economic_growth
ny_gdp_mktp_kn,GDP (constant LCU),NY.GDP.MKTP.KN,economic_growth
ny_gdp_mktp_kd_zg,GDP growth (annual %),NY.GDP.MKTP.KD.ZG,economic_growth
ny_gdp_mktp_kd,GDP (constant 2015 US$),NY.GDP.MKTP.KD,economic_growth
ny_gdp_mktp_cn_ad,GDP: linked series (current LCU),NY.GDP.MKTP.CN.AD,economic_growth
ny_gdp_mktp_cn,GDP (current LCU),NY.GDP.MKTP.CN,economic_growth
ny_gdp_mktp_cd,GDP (current US$),NY.GDP.MKTP.CD,economic_growth
ny_gdp_fcst_kn,Gross value added at basic prices (GVA) (constant LCU),NY.GDP.FCST.KN,economic_growth
ny_gdp_fcst_kd,Gross value added at basic prices (GVA) (constant 2015 US$),NY.GDP.FCST.KD,economic_growth
ny_gdp_fcst_cn,Gross value added at basic prices (GVA) (current LCU),NY.GDP.FCST.CN,economic_growth
ny_gdp_fcst_cd,Gross value added at basic prices (GVA) (current US$),NY.GDP.FCST.CD,economic_growth
ny_gdp_disc_kn,Discrepancy in expenditure estimate of GDP (constant LCU),NY.GDP.DISC.KN,economic_growth
ny_gdp_disc_cn,Discrepancy in expenditure estimate of GDP (current LCU),NY.GDP.DISC.CN,economic_growth
ny_gdp_defl_zs,GDP deflator (base year varies by country),NY.GDP.DEFL.ZS,economic_growth
ny_gdp_defl_kd_zg,"Inflation, GDP deflator (annual %)",NY.GDP.DEFL.KD.ZG,economic_growth
ny_exp_capm_kn,Exports as a capacity to import (constant LCU),NY.EXP.CAPM.KN,economic_growth
ny_adj_svnx_gn_zs,"Adjusted net savings, excluding particulate emission damage (% of GNI)",NY.ADJ.SVNX.GN.ZS,economic_growth
ny_adj_svnx_cd,"Adjusted net savings, excluding particulate emission damage (current US$)",NY.ADJ.SVNX.CD,economic_growth
ny_adj_svng_gn_zs,"Adjusted net savings, including particulate emission damage (% of GNI)",NY.ADJ.SVNG.GN.ZS,economic_growth
ny_adj_svng_cd,"Adjusted net savings, including particulate emission damage (current US$)",NY.ADJ.SVNG.CD,economic_growth
ny_adj_nnty_pc_kd_zg,Adjusted net national income per capita (annual % growth),NY.ADJ.NNTY.PC.KD.ZG,economic_growth
ny_adj_nnty_pc_kd,Adjusted net national income per capita (constant 2015 US$),NY.ADJ.NNTY.PC.KD,economic_growth
ny_adj_nnty_pc_cd,Adjusted net national income per capita (current US$),NY.ADJ.NNTY.PC.CD,economic_growth
ny_adj_nnty_kd_zg,Adjusted net national income (annual % growth),NY.ADJ.NNTY.KD.ZG,economic_growth
ny_adj_nnty_kd,Adjusted net national income (constant 2015 US$),NY.ADJ.NNTY.KD,economic_growth
ny_adj_nnty_cd,Adjusted net national income (current US$),NY.ADJ.NNTY.CD,economic_growth
ny_adj_nnat_gn_zs,Adjusted savings: net national savings (% of GNI),NY.ADJ.NNAT.GN.ZS,economic_growth
ny_adj_nnat_cd,Adjusted savings: net national savings (current US$),NY.ADJ.NNAT.CD,economic_growth
ny_adj_ictr_gn_zs,Adjusted savings: gross savings (% of GNI),NY.ADJ.ICTR.GN.ZS,economic_growth
ny_adj_dres_gn_zs,Adjusted savings: natural resources depletion (% of GNI),NY.ADJ.DRES.GN.ZS,economic_growth
ny_adj_dpem_gn_zs,Adjusted savings: particulate emission damage (% of GNI),NY.ADJ.DPEM.GN.ZS,economic_growth
ny_adj_dpem_cd,Adjusted savings: particulate emission damage (current US$),NY.ADJ.DPEM.CD,economic_growth
ny_adj_dngy_gn_zs,Adjusted savings: energy depletion (% of GNI),NY.ADJ.DNGY.GN.ZS,economic_growth
ny_adj_dngy_cd,Adjusted savings: energy depletion (current US$),NY.ADJ.DNGY.CD,economic_growth
ny_adj_dmin_gn_zs,Adjusted savings: mineral depletion (% of GNI),NY.ADJ.DMIN.GN.ZS,economic_growth
ny_adj_dmin_cd,Adjusted savings: mineral depletion (current US$),NY.ADJ.DMIN.CD,economic_growth
ny_adj_dkap_gn_zs,Adjusted savings: consumption of fixed capital (% of GNI),NY.ADJ.DKAP.GN.ZS,economic_growth
ny_adj_dkap_cd,Adjusted savings: consumption of fixed capital (current US$),NY.ADJ.DKAP.CD,economic_growth
ny_adj_dfor_gn_zs,Adjusted savings: net forest depletion (% of GNI),NY.ADJ.DFOR.GN.ZS,economic_growth
ny_adj_dfor_cd,Adjusted savings: net forest depletion (current US$),NY.ADJ.DFOR.CD,economic_growth
ny_adj_dco2_gn_zs,Adjusted savings: carbon dioxide damage (% of GNI),NY.ADJ.DCO2.GN.ZS,economic_growth
ny_adj_dco2_cd,Adjusted savings: carbon dioxide damage (current US$),NY.ADJ.DCO2.CD,economic_growth
ny_adj_aedu_gn_zs,Adjusted savings: education expenditure (% of GNI),NY.ADJ.AEDU.GN.ZS,economic_growth
ny_adj_aedu_cd,Adjusted savings: education expenditure (current US$),NY.ADJ.AEDU.CD,economic_growth
nv_srv_totl_zs,"Services, value added (% of GDP)",NV.SRV.TOTL.ZS,economic_growth
nv_srv_totl_kn,"Services, value added (constant LCU)",NV.SRV.TOTL.KN,economic_growth
nv_srv_totl_kd_zg,"Services, value added (annual % growth)",NV.SRV.TOTL.KD.ZG,economic_growth
nv_srv_totl_kd,"Services, value added (constant 2015 US$)",NV.SRV.TOTL.KD,economic_growth
nv_srv_totl_cn,"Services, value added (current LCU)",NV.SRV.TOTL.CN,economic_growth
nv_srv_totl_cd,"Services, value added (current US$)",NV.SRV.TOTL.CD,economic_growth
nv_srv_empl_kd,"Services, value added per worker (constant 2015 US$)",NV.SRV.EMPL.KD,economic_growth
nv_mnf_txtl_zs_un,Textiles and clothing (% of value added in manufacturing),NV.MNF.TXTL.ZS.UN,economic_growth
nv_mnf_tech_zs_un,Medium and high-tech manufacturing value added (% manufacturing value added),NV.MNF.TECH.ZS.UN,economic_growth
nv_mnf_othr_zs_un,Other manufacturing (% of value added in manufacturing),NV.MNF.OTHR.ZS.UN,economic_growth
nv_mnf_mtrn_zs_un,Machinery and transport equipment (% of value added in manufacturing),NV.MNF.MTRN.ZS.UN,economic_growth
nv_mnf_fbto_zs_un,"Food, beverages and tobacco (% of value added in manufacturing)",NV.MNF.FBTO.ZS.UN,economic_growth
nv_mnf_chem_zs_un,Chemicals (% of value added in manufacturing),NV.MNF.CHEM.ZS.UN,economic_growth
nv_ind_totl_zs,"Industry (including construction), value added (% of GDP)",NV.IND.TOTL.ZS,economic_growth
nv_ind_totl_kn,"Industry (including construction), value added (constant LCU)",NV.IND.TOTL.KN,economic_growth
nv_ind_totl_kd_zg,"Industry (including construction), value added (annual % growth)",NV.IND.TOTL.KD.ZG,economic_growth
nv_ind_totl_kd,"Industry (including construction), value added (constant 2015 US$)",NV.IND.TOTL.KD,economic_growth
nv_ind_totl_cn,"Industry (including construction), value added (current LCU)",NV.IND.TOTL.CN,economic_growth
nv_ind_totl_cd,"Industry (including construction), value added (current US$)",NV.IND.TOTL.CD,economic_growth
nv_ind_manf_zs,"Manufacturing, value added (% of GDP)",NV.IND.MANF.ZS,economic_growth
nv_ind_manf_kn,"Manufacturing, value added (constant LCU)",NV.IND.MANF.KN,economic_growth
nv_ind_manf_kd_zg,"Manufacturing, value added (annual % growth)",NV.IND.MANF.KD.ZG,economic_growth
nv_ind_manf_kd,"Manufacturing, value added (constant 2015 US$)",NV.IND.MANF.KD,economic_growth
nv_ind_manf_cn,"Manufacturing, value added (current LCU)",NV.IND.MANF.CN,economic_growth
nv_ind_manf_cd,"Manufacturing, value added (current US$)",NV.IND.MANF.CD,economic_growth
nv_ind_empl_kd,"Industry (including construction), value added per worker (constant 2015 US$)",NV.IND.EMPL.KD,economic_growth
nv_fsm_totl_kn,Financial intermediary services indirectly Measured (FISIM) (constant LCU),NV.FSM.TOTL.KN,economic_growth
nv_fsm_totl_cn,Financial intermediary services indirectly Measured (FISIM) (current LCU),NV.FSM.TOTL.CN,economic_growth
nv_agr_totl_zs,"Agriculture, forestry, and fishing, value added (% of GDP)",NV.AGR.TOTL.ZS,economic_growth
nv_agr_totl_kn,"Agriculture, forestry, and fishing, value added (constant LCU)",NV.AGR.TOTL.KN,economic_growth
nv_agr_totl_kd_zg,"Agriculture, forestry, and fishing, value added (annual % growth)",NV.AGR.TOTL.KD.ZG,economic_growth
nv_agr_totl_kd,"Agriculture, forestry, and fishing, value added (constant 2015 US$)",NV.AGR.TOTL.KD,economic_growth
nv_agr_totl_cn,"Agriculture, forestry, and fishing, value added (current LCU)",NV.AGR.TOTL.CN,economic_growth
nv_agr_totl_cd,"Agriculture, forestry, and fishing, value added (current US$)",NV.AGR.TOTL.CD,economic_growth
nv_agr_empl_kd,"Agriculture, forestry, and fishing, value added per worker (constant 2015 US$)",NV.AGR.EMPL.KD,economic_growth
ne_trd_gnfs_zs,Trade (% of GDP),NE.TRD.GNFS.ZS,economic_growth
ne_rsb_gnfs_zs,External balance on goods and services (% of GDP),NE.RSB.GNFS.ZS,economic_growth
ne_rsb_gnfs_kn,External balance on goods and services (constant LCU),NE.RSB.GNFS.KN,economic_growth
ne_rsb_gnfs_cn,External balance on goods and services (current LCU),NE.RSB.GNFS.CN,economic_growth
ne_rsb_gnfs_cd,External balance on goods and services (current US$),NE.RSB.GNFS.CD,economic_growth
ne_imp_gnfs_zs,Imports of goods and services (% of GDP),NE.IMP.GNFS.ZS,economic_growth
ne_imp_gnfs_kn,Imports of goods and services (constant LCU),NE.IMP.GNFS.KN,economic_growth
ne_imp_gnfs_kd_zg,Imports of goods and services (annual % growth),NE.IMP.GNFS.KD.ZG,economic_growth
ne_imp_gnfs_kd,Imports of goods and services (constant 2015 US$),NE.IMP.GNFS.KD,economic_growth
ne_imp_gnfs_cn,Imports of goods and services (current LCU),NE.IMP.GNFS.CN,economic_growth
ne_imp_gnfs_cd,Imports of goods and services (current US$),NE.IMP.GNFS.CD,economic_growth
ne_gdi_totl_zs,Gross capital formation (% of GDP),NE.GDI.TOTL.ZS,economic_growth
ne_gdi_totl_kn,Gross capital formation (constant LCU),NE.GDI.TOTL.KN,economic_growth
ne_gdi_totl_kd_zg,Gross capital formation (annual % growth),NE.GDI.TOTL.KD.ZG,economic_growth
ne_gdi_totl_kd,Gross capital formation (constant 2015 US$),NE.GDI.TOTL.KD,economic_growth
ne_gdi_totl_cn,Gross capital formation (current LCU),NE.GDI.TOTL.CN,economic_growth
ne_gdi_totl_cd,Gross capital formation (current US$),NE.GDI.TOTL.CD,economic_growth
ne_gdi_stkb_kn,Changes in inventories (constant LCU),NE.GDI.STKB.KN,economic_growth
ne_gdi_stkb_cn,Changes in inventories (current LCU),NE.GDI.STKB.CN,economic_growth
ne_gdi_stkb_cd,Changes in inventories (current US$),NE.GDI.STKB.CD,economic_growth
ne_gdi_ftot_zs,Gross fixed capital formation (% of GDP),NE.GDI.FTOT.ZS,economic_growth
ne_gdi_ftot_kn,Gross fixed capital formation (constant LCU),NE.GDI.FTOT.KN,economic_growth
ne_gdi_ftot_kd_zg,Gross fixed capital formation (annual % growth),NE.GDI.FTOT.KD.ZG,economic_growth
ne_gdi_ftot_kd,Gross fixed capital formation (constant 2015 US$),NE.GDI.FTOT.KD,economic_growth
ne_gdi_ftot_cn,Gross fixed capital formation (current LCU),NE.GDI.FTOT.CN,economic_growth
ne_gdi_ftot_cd,Gross fixed capital formation (current US$),NE.GDI.FTOT.CD,economic_growth
ne_gdi_fprv_zs,"Gross fixed capital formation, private sector (% of GDP)",NE.GDI.FPRV.ZS,economic_growth
ne_gdi_fprv_cn,"Gross fixed capital formation, private sector (current LCU)",NE.GDI.FPRV.CN,economic_growth
ne_exp_gnfs_zs,Exports of goods and services (% of GDP),NE.EXP.GNFS.ZS,economic_growth
ne_exp_gnfs_kn,Exports of goods and services (constant LCU),NE.EXP.GNFS.KN,economic_growth
ne_exp_gnfs_kd_zg,Exports of goods and services (annual % growth),NE.EXP.GNFS.KD.ZG,economic_growth
ne_exp_gnfs_kd,Exports of goods and services (constant 2015 US$),NE.EXP.GNFS.KD,economic_growth
ne_exp_gnfs_cn,Exports of goods and services (current LCU),NE.EXP.GNFS.CN,economic_growth
ne_exp_gnfs_cd,Exports of goods and services (current US$),NE.EXP.GNFS.CD,economic_growth
ne_dab_totl_zs,Gross national expenditure (% of GDP),NE.DAB.TOTL.ZS,economic_growth
ne_dab_totl_kn,Gross national expenditure (constant LCU),NE.DAB.TOTL.KN,economic_growth
ne_dab_totl_kd,Gross national expenditure (constant 2015 US$),NE.DAB.TOTL.KD,economic_growth
ne_dab_totl_cn,Gross national expenditure (current LCU),NE.DAB.TOTL.CN,economic_growth
ne_dab_totl_cd,Gross national expenditure (current US$),NE.DAB.TOTL.CD,economic_growth
ne_dab_defl_zs,Gross national expenditure deflator (base year varies by country),NE.DAB.DEFL.ZS,economic_growth
ne_con_totl_zs,Final consumption expenditure (% of GDP),NE.CON.TOTL.ZS,economic_growth
ne_con_totl_kn,Final consumption expenditure (constant LCU),NE.CON.TOTL.KN,economic_growth
ne_con_totl_kd_zg,Final consumption expenditure (annual % growth),NE.CON.TOTL.KD.ZG,economic_growth
ne_con_totl_kd,Final consumption expenditure (constant 2015 US$),NE.CON.TOTL.KD,economic_growth
ne_con_totl_cn,Final consumption expenditure (current LCU),NE.CON.TOTL.CN,economic_growth
ne_con_totl_cd,Final consumption expenditure (current US$),NE.CON.TOTL.CD,economic_growth
ne_con_prvt_zs,Households and NPISHs final consumption expenditure (% of GDP),NE.CON.PRVT.ZS,economic_growth
ne_con_prvt_pp_kd,"Households and NPISHs Final consumption expenditure, PPP (constant 2017 international $)",NE.CON.PRVT.PP.KD,economic_growth
ne_con_prvt_pp_cd,"Households and NPISHs Final consumption expenditure, PPP (current international $)",NE.CON.PRVT.PP.CD,economic_growth
ne_con_prvt_pc_kd_zg,Households and NPISHs Final consumption expenditure per capita growth (annual %),NE.CON.PRVT.PC.KD.ZG,economic_growth
ne_con_prvt_pc_kd,Households and NPISHs Final consumption expenditure per capita (constant 2015 US$),NE.CON.PRVT.PC.KD,economic_growth
ne_con_prvt_kn,Households and NPISHs Final consumption expenditure (constant LCU),NE.CON.PRVT.KN,economic_growth
ne_con_prvt_kd_zg,Households and NPISHs Final consumption expenditure (annual % growth),NE.CON.PRVT.KD.ZG,economic_growth
ne_con_prvt_kd,Households and NPISHs Final consumption expenditure (constant 2015 US$),NE.CON.PRVT.KD,economic_growth
ne_con_prvt_cn_ad,Households and NPISHs final consumption expenditure: linked series (current LCU),NE.CON.PRVT.CN.AD,economic_growth
ne_con_prvt_cn,Households and NPISHs Final consumption expenditure (current LCU),NE.CON.PRVT.CN,economic_growth
ne_con_prvt_cd,Households and NPISHs Final consumption expenditure (current US$),NE.CON.PRVT.CD,economic_growth
ne_con_govt_zs,General government final consumption expenditure (% of GDP),NE.CON.GOVT.ZS,economic_growth
ne_con_govt_kn,General government final consumption expenditure (constant LCU),NE.CON.GOVT.KN,economic_growth
ne_con_govt_kd_zg,General government final consumption expenditure (annual % growth),NE.CON.GOVT.KD.ZG,economic_growth
ne_con_govt_kd,General government final consumption expenditure (constant 2015 US$),NE.CON.GOVT.KD,economic_growth
ne_con_govt_cn,General government final consumption expenditure (current LCU),NE.CON.GOVT.CN,economic_growth
ne_con_govt_cd,General government final consumption expenditure (current US$),NE.CON.GOVT.CD,economic_growth
gc_xpn_totl_gd_zs,Expense (% of GDP),GC.XPN.TOTL.GD.ZS,economic_growth
gc_rev_xgrt_gd_zs,"Revenue, excluding grants (% of GDP)",GC.REV.XGRT.GD.ZS,economic_growth
gc_dod_totl_gd_zs,"Central government debt, total (% of GDP)",GC.DOD.TOTL.GD.ZS,economic_growth
fp_cpi_totl_zg,"Inflation, consumer prices (annual %)",FP.CPI.TOTL.ZG,economic_growth
fi_res_xgld_cd,Total reserves minus gold (current US$),FI.RES.XGLD.CD,economic_growth
fi_res_totl_cd,"Total reserves (includes gold, current US$)",FI.RES.TOTL.CD,economic_growth
dt_tds_dect_gn_zs,Total debt service (% of GNI),DT.TDS.DECT.GN.ZS,economic_growth
dt_tds_dect_ex_zs,"Total debt service (% of exports of goods, services and primary income)",DT.TDS.DECT.EX.ZS,economic_growth
dt_oda_odat_pc_zs,Net ODA received per capita (current US$),DT.ODA.ODAT.PC.ZS,economic_growth
dt_oda_odat_gn_zs,Net ODA received (% of GNI),DT.ODA.ODAT.GN.ZS,economic_growth
dt_oda_odat_cd,Net official development assistance received (current US$),DT.ODA.ODAT.CD,economic_growth
dt_dod_pvlx_gn_zs,Present value of external debt (% of GNI),DT.DOD.PVLX.GN.ZS,economic_growth
dt_dod_pvlx_ex_zs,"Present value of external debt (% of exports of goods, services and primary income)",DT.DOD.PVLX.EX.ZS,economic_growth
dt_dod_pvlx_cd,Present value of external debt (current US$),DT.DOD.PVLX.CD,economic_growth
dt_dod_dstc_xp_zs,"Short-term debt (% of exports of goods, services and primary income)",DT.DOD.DSTC.XP.ZS,economic_growth
dt_dod_dstc_ir_zs,Short-term debt (% of total reserves),DT.DOD.DSTC.IR.ZS,economic_growth
dt_dod_dect_gn_zs,External debt stocks (% of GNI),DT.DOD.DECT.GN.ZS,economic_growth
dt_dod_dect_cd,"External debt stocks, total (DOD, current US$)",DT.DOD.DECT.CD,economic_growth
bx_trf_pwkr_dt_gd_zs,"Personal remittances, received (% of GDP)",BX.TRF.PWKR.DT.GD.ZS,economic_growth
bx_trf_pwkr_cd_dt,"Personal remittances, received (current US$)",BX.TRF.PWKR.CD.DT,economic_growth
bx_trf_pwkr_cd,"Personal transfers, receipts (BoP, current US$)",BX.TRF.PWKR.CD,economic_growth
bx_trf_curr_cd,"Secondary income receipts (BoP, current US$)",BX.TRF.CURR.CD,economic_growth
bx_pef_totl_cd_wd,"Portfolio equity, net inflows (BoP, current US$)",BX.PEF.TOTL.CD.WD,economic_growth
bx_klt_dinv_wd_gd_zs,"Foreign direct investment, net inflows (% of GDP)",BX.KLT.DINV.WD.GD.ZS,economic_growth
bx_klt_dinv_cd_wd,"Foreign direct investment, net inflows (BoP, current US$)",BX.KLT.DINV.CD.WD,economic_growth
bx_gsr_trvl_zs,"Travel services (% of service exports, BoP)",BX.GSR.TRVL.ZS,economic_growth
bx_gsr_tran_zs,"Transport services (% of service exports, BoP)",BX.GSR.TRAN.ZS,economic_growth
bx_gsr_totl_cd,"Exports of goods, services and primary income (BoP, current US$)",BX.GSR.TOTL.CD,economic_growth
bx_gsr_royl_cd,"Charges for the use of intellectual property, receipts (BoP, current US$)",BX.GSR.ROYL.CD,economic_growth
bx_gsr_nfsv_cd,"Service exports (BoP, current US$)",BX.GSR.NFSV.CD,economic_growth
bx_gsr_mrch_cd,"Goods exports (BoP, current US$)",BX.GSR.MRCH.CD,economic_growth
bx_gsr_insf_zs,"Insurance and financial services (% of service exports, BoP)",BX.GSR.INSF.ZS,economic_growth
bx_gsr_gnfs_cd,"Exports of goods and services (BoP, current US$)",BX.GSR.GNFS.CD,economic_growth
bx_gsr_fcty_cd,"Primary income receipts (BoP, current US$)",BX.GSR.FCTY.CD,economic_growth
bx_gsr_cmcp_zs,"Communications, computer, etc. (% of service exports, BoP)",BX.GSR.CMCP.ZS,economic_growth
bx_gsr_ccis_zs,"ICT service exports (% of service exports, BoP)",BX.GSR.CCIS.ZS,economic_growth
bx_gsr_ccis_cd,"ICT service exports (BoP, current US$)",BX.GSR.CCIS.CD,economic_growth
bx_grt_tech_cd_wd,"Technical cooperation grants (BoP, current US$)",BX.GRT.TECH.CD.WD,economic_growth
bx_grt_exta_cd_wd,"Grants, excluding technical cooperation (BoP, current US$)",BX.GRT.EXTA.CD.WD,economic_growth
bn_trf_kogt_cd,"Net capital account (BoP, current US$)",BN.TRF.KOGT.CD,economic_growth
bn_trf_curr_cd,"Net secondary income (BoP, current US$)",BN.TRF.CURR.CD,economic_growth
bn_res_incl_cd,"Reserves and related items (BoP, current US$)",BN.RES.INCL.CD,economic_growth
bn_klt_ptxl_cd,"Portfolio investment, net (BoP, current US$)",BN.KLT.PTXL.CD,economic_growth
bn_klt_dinv_cd,"Foreign direct investment, net (BoP, current US$)",BN.KLT.DINV.CD,economic_growth
bn_kac_eoms_cd,"Net errors and omissions (BoP, current US$)",BN.KAC.EOMS.CD,economic_growth
bn_gsr_mrch_cd,"Net trade in goods (BoP, current US$)",BN.GSR.MRCH.CD,economic_growth
bn_gsr_gnfs_cd,"Net trade in goods and services (BoP, current US$)",BN.GSR.GNFS.CD,economic_growth
bn_gsr_fcty_cd,"Net primary income (BoP, current US$)",BN.GSR.FCTY.CD,economic_growth
bn_fin_totl_cd,"Net financial account (BoP, current US$)",BN.FIN.TOTL.CD,economic_growth
bn_cab_xoka_gd_zs,Current account balance (% of GDP),BN.CAB.XOKA.GD.ZS,economic_growth
bn_cab_xoka_cd,"Current account balance (BoP, current US$)",BN.CAB.XOKA.CD,economic_growth
bm_trf_pwkr_cd_dt,"Personal remittances, paid (current US$)",BM.TRF.PWKR.CD.DT,economic_growth
bm_trf_prvt_cd,"Secondary income, other sectors, payments (BoP, current US$)",BM.TRF.PRVT.CD,economic_growth
bm_klt_dinv_wd_gd_zs,"Foreign direct investment, net outflows (% of GDP)",BM.KLT.DINV.WD.GD.ZS,economic_growth
bm_klt_dinv_cd_wd,"Foreign direct investment, net outflows (BoP, current US$)",BM.KLT.DINV.CD.WD,economic_growth
bm_gsr_trvl_zs,"Travel services (% of service imports, BoP)",BM.GSR.TRVL.ZS,economic_growth
bm_gsr_tran_zs,"Transport services (% of service imports, BoP)",BM.GSR.TRAN.ZS,economic_growth
bm_gsr_totl_cd,"Imports of goods, services and primary income (BoP, current US$)",BM.GSR.TOTL.CD,economic_growth
bm_gsr_royl_cd,"Charges for the use of intellectual property, payments (BoP, current US$)",BM.GSR.ROYL.CD,economic_growth
bm_gsr_nfsv_cd,"Service imports (BoP, current US$)",BM.GSR.NFSV.CD,economic_growth
bm_gsr_mrch_cd,"Goods imports (BoP, current US$)",BM.GSR.MRCH.CD,economic_growth
bm_gsr_insf_zs,"Insurance and financial services (% of service imports, BoP)",BM.GSR.INSF.ZS,economic_growth
bm_gsr_gnfs_cd,"Imports of goods and services (BoP, current US$)",BM.GSR.GNFS.CD,economic_growth
bm_gsr_fcty_cd,"Primary income payments (BoP, current US$)",BM.GSR.FCTY.CD,economic_growth
bm_gsr_cmcp_zs,"Communications, computer, etc. (% of service imports, BoP)",BM.GSR.CMCP.ZS,economic_growth
bg_gsr_nfsv_gd_zs,Trade in services (% of GDP),BG.GSR.NFSV.GD.ZS,economic_growth
sp_pop_1564_to_zs,Population ages 15-64 (% of total population),SP.POP.1564.TO.ZS,education
sp_pop_0014_to_zs,Population ages 0-14 (% of total population),SP.POP.0014.TO.ZS,education
sl_uem_totl_zs,"Unemployment, total (% of total labor force) (modeled ILO estimate)",SL.UEM.TOTL.ZS,education
sl_uem_totl_ma_zs,"Unemployment, male (% of male labor force) (modeled ILO estimate)",SL.UEM.TOTL.MA.ZS,education
sl_uem_totl_fe_zs,"Unemployment, female (% of female labor force) (modeled ILO estimate)",SL.UEM.TOTL.FE.ZS,education
sl_tlf_totl_in,"Labor force, total",SL.TLF.TOTL.IN,education
sl_tlf_totl_fe_zs,"Labor force, female (% of total labor force)",SL.TLF.TOTL.FE.ZS,education
sh_dyn_2024,"Probability of dying among youth ages 20-24 years (per 1,000)",SH.DYN.2024,education
sh_dyn_1519,"Probability of dying among adolescents ages 15-19 years (per 1,000)",SH.DYN.1519,education
sh_dyn_1014,"Probability of dying among adolescents ages 10-14 years (per 1,000)",SH.DYN.1014,education
sh_dyn_0509,"Probability of dying among children ages 5-9 years (per 1,000)",SH.DYN.0509,education
sh_dth_2024,Number of deaths ages 20-24 years,SH.DTH.2024,education
sh_dth_1519,Number of deaths ages 15-19 years,SH.DTH.1519,education
sh_dth_1014,Number of deaths ages 10-14 years,SH.DTH.1014,education
sh_dth_0509,Number of deaths ages 5-9 years,SH.DTH.0509,education
se_xpd_totl_gd_zs,"Government expenditure on education, total (% of GDP)",SE.XPD.TOTL.GD.ZS,education
se_xpd_totl_gb_zs,"Government expenditure on education, total (% of government expenditure)",SE.XPD.TOTL.GB.ZS,education
se_xpd_tert_zs,Expenditure on tertiary education (% of government expenditure on education),SE.XPD.TERT.ZS,education
se_xpd_tert_pc_zs,"Government expenditure per student, tertiary (% of GDP per capita)",SE.XPD.TERT.PC.ZS,education
se_xpd_seco_zs,Expenditure on secondary education (% of government expenditure on education),SE.XPD.SECO.ZS,education
se_xpd_seco_pc_zs,"Government expenditure per student, secondary (% of GDP per capita)",SE.XPD.SECO.PC.ZS,education
se_xpd_prim_zs,Expenditure on primary education (% of government expenditure on education),SE.XPD.PRIM.ZS,education
se_xpd_prim_pc_zs,"Government expenditure per student, primary (% of GDP per capita)",SE.XPD.PRIM.PC.ZS,education
se_xpd_ctot_zs,"Current education expenditure, total (% of total expenditure in public institutions)",SE.XPD.CTOT.ZS,education
se_xpd_cter_zs,"Current education expenditure, tertiary (% of total expenditure in tertiary public institutions)",SE.XPD.CTER.ZS,education
se_xpd_csec_zs,"Current education expenditure, secondary (% of total expenditure in secondary public institutions)",SE.XPD.CSEC.ZS,education
se_xpd_cprm_zs,"Current education expenditure, primary (% of total expenditure in primary public institutions)",SE.XPD.CPRM.ZS,education
se_ter_tchr_fe_zs,"Tertiary education, academic staff (% female)",SE.TER.TCHR.FE.ZS,education
se_ter_enrr_ma,"School enrollment, tertiary, male (% gross)",SE.TER.ENRR.MA,education
se_ter_enrr_fe,"School enrollment, tertiary, female (% gross)",SE.TER.ENRR.FE,education
se_ter_enrr,"School enrollment, tertiary (% gross)",SE.TER.ENRR,education
se_ter_enrl_tc_zs,"Pupil-teacher ratio, tertiary",SE.TER.ENRL.TC.ZS,education
se_ter_cuat_st_zs,"Educational attainment, at least completed short-cycle tertiary, population 25+, total (%) (cumulative)",SE.TER.CUAT.ST.ZS,education
se_ter_cuat_st_ma_zs,"Educational attainment, at least completed short-cycle tertiary, population 25+, male (%) (cumulative)",SE.TER.CUAT.ST.MA.ZS,education
se_ter_cuat_st_fe_zs,"Educational attainment, at least completed short-cycle tertiary, population 25+, female (%) (cumulative)",SE.TER.CUAT.ST.FE.ZS,education
se_ter_cuat_ms_zs,"Educational attainment, at least Master's or equivalent, population 25+, total (%) (cumulative)",SE.TER.CUAT.MS.ZS,education
se_ter_cuat_ms_ma_zs,"Educational attainment, at least Master's or equivalent, population 25+, male (%) (cumulative)",SE.TER.CUAT.MS.MA.ZS,education
se_ter_cuat_ms_fe_zs,"Educational attainment, at least Master's or equivalent, population 25+, female (%) (cumulative)",SE.TER.CUAT.MS.FE.ZS,education
se_ter_cuat_do_zs,"Educational attainment, Doctoral or equivalent, population 25+, total (%) (cumulative)",SE.TER.CUAT.DO.ZS,education
se_ter_cuat_do_ma_zs,"Educational attainment, Doctoral or equivalent, population 25+, male (%) (cumulative)",SE.TER.CUAT.DO.MA.ZS,education
se_ter_cuat_do_fe_zs,"Educational attainment, Doctoral or equivalent, population 25+, female (%) (cumulative)",SE.TER.CUAT.DO.FE.ZS,education
se_ter_cuat_ba_zs,"Educational attainment, at least Bachelor's or equivalent, population 25+, total (%) (cumulative)",SE.TER.CUAT.BA.ZS,education
se_ter_cuat_ba_ma_zs,"Educational attainment, at least Bachelor's or equivalent, population 25+, male (%) (cumulative)",SE.TER.CUAT.BA.MA.ZS,education
se_ter_cuat_ba_fe_zs,"Educational attainment, at least Bachelor's or equivalent, population 25+, female (%) (cumulative)",SE.TER.CUAT.BA.FE.ZS,education
se_sec_uner_lo_zs,Adolescents out of school (% of lower secondary school age),SE.SEC.UNER.LO.ZS,education
se_sec_uner_lo_ma_zs,"Adolescents out of school, male (% of male lower secondary school age)",SE.SEC.UNER.LO.MA.ZS,education
se_sec_uner_lo_fe_zs,"Adolescents out of school, female (% of female lower secondary school age)",SE.SEC.UNER.LO.FE.ZS,education
se_sec_tchr_fe_zs,"Secondary education, teachers (% female)",SE.SEC.TCHR.FE.ZS,education
se_sec_tchr_fe,"Secondary education, teachers, female",SE.SEC.TCHR.FE,education
se_sec_tchr,"Secondary education, teachers",SE.SEC.TCHR,education
se_sec_tcaq_zs,Trained teachers in secondary education (% of total teachers),SE.SEC.TCAQ.ZS,education
se_sec_tcaq_up_zs,Trained teachers in upper secondary education (% of total teachers),SE.SEC.TCAQ.UP.ZS,education
se_sec_tcaq_up_ma_zs,"Trained teachers in upper secondary education, male (% of male teachers)",SE.SEC.TCAQ.UP.MA.ZS,education
se_sec_tcaq_up_fe_zs,"Trained teachers in upper secondary education, female (% of female teachers)",SE.SEC.TCAQ.UP.FE.ZS,education
se_sec_tcaq_ma_zs,"Trained teachers in secondary education, male (% of male teachers)",SE.SEC.TCAQ.MA.ZS,education
se_sec_tcaq_lo_zs,Trained teachers in lower secondary education (% of total teachers),SE.SEC.TCAQ.LO.ZS,education
se_sec_tcaq_lo_ma_zs,"Trained teachers in lower secondary education, male (% of male teachers)",SE.SEC.TCAQ.LO.MA.ZS,education
se_sec_tcaq_lo_fe_zs,"Trained teachers in lower secondary education, female (% of female teachers)",SE.SEC.TCAQ.LO.FE.ZS,education
se_sec_tcaq_fe_zs,"Trained teachers in secondary education, female (% of female teachers)",SE.SEC.TCAQ.FE.ZS,education
se_sec_prog_zs,Progression to secondary school (%),SE.SEC.PROG.ZS,education
se_sec_prog_ma_zs,"Progression to secondary school, male (%)",SE.SEC.PROG.MA.ZS,education
se_sec_prog_fe_zs,"Progression to secondary school, female (%)",SE.SEC.PROG.FE.ZS,education
se_sec_priv_zs,"School enrollment, secondary, private (% of total secondary)",SE.SEC.PRIV.ZS,education
se_sec_nenr_ma,"School enrollment, secondary, male (% net)",SE.SEC.NENR.MA,education
se_sec_nenr_fe,"School enrollment, secondary, female (% net)",SE.SEC.NENR.FE,education
se_sec_nenr,"School enrollment, secondary (% net)",SE.SEC.NENR,education
se_sec_enrr_ma,"School enrollment, secondary, male (% gross)",SE.SEC.ENRR.MA,education
se_sec_enrr_fe,"School enrollment, secondary, female (% gross)",SE.SEC.ENRR.FE,education
se_sec_enrr,"School enrollment, secondary (% gross)",SE.SEC.ENRR,education
se_sec_enrl_vo_fe_zs,"Secondary education, vocational pupils (% female)",SE.SEC.ENRL.VO.FE.ZS,education
se_sec_enrl_vo,"Secondary education, vocational pupils",SE.SEC.ENRL.VO,education
se_sec_enrl_up_tc_zs,"Pupil-teacher ratio, upper secondary",SE.SEC.ENRL.UP.TC.ZS,education
se_sec_enrl_tc_zs,"Pupil-teacher ratio, secondary",SE.SEC.ENRL.TC.ZS,education
se_sec_enrl_lo_tc_zs,"Pupil-teacher ratio, lower secondary",SE.SEC.ENRL.LO.TC.ZS,education
se_sec_enrl_gc_fe_zs,"Secondary education, general pupils (% female)",SE.SEC.ENRL.GC.FE.ZS,education
se_sec_enrl_gc,"Secondary education, general pupils",SE.SEC.ENRL.GC,education
se_sec_enrl_fe_zs,"Secondary education, pupils (% female)",SE.SEC.ENRL.FE.ZS,education
se_sec_enrl,"Secondary education, pupils",SE.SEC.ENRL,education
se_sec_durs,"Secondary education, duration (years)",SE.SEC.DURS,education
se_sec_cuat_up_zs,"Educational attainment, at least completed upper secondary, population 25+, total (%) (cumulative)",SE.SEC.CUAT.UP.ZS,education
se_sec_cuat_up_ma_zs,"Educational attainment, at least completed upper secondary, population 25+, male (%) (cumulative)",SE.SEC.CUAT.UP.MA.ZS,education
se_sec_cuat_up_fe_zs,"Educational attainment, at least completed upper secondary, population 25+, female (%) (cumulative)",SE.SEC.CUAT.UP.FE.ZS,education
se_sec_cuat_po_zs,"Educational attainment, at least completed post-secondary, population 25+, total (%) (cumulative)",SE.SEC.CUAT.PO.ZS,education
se_sec_cuat_po_ma_zs,"Educational attainment, at least completed post-secondary, population 25+, male (%) (cumulative)",SE.SEC.CUAT.PO.MA.ZS,education
se_sec_cuat_po_fe_zs,"Educational attainment, at least completed post-secondary, population 25+, female (%) (cumulative)",SE.SEC.CUAT.PO.FE.ZS,education
se_sec_cuat_lo_zs,"Educational attainment, at least completed lower secondary, population 25+, total (%) (cumulative)",SE.SEC.CUAT.LO.ZS,education
se_sec_cuat_lo_ma_zs,"Educational attainment, at least completed lower secondary, population 25+, male (%) (cumulative)",SE.SEC.CUAT.LO.MA.ZS,education
se_sec_cuat_lo_fe_zs,"Educational attainment, at least completed lower secondary, population 25+, female (%) (cumulative)",SE.SEC.CUAT.LO.FE.ZS,education
se_sec_cmpt_lo_zs,"Lower secondary completion rate, total (% of relevant age group)",SE.SEC.CMPT.LO.ZS,education
se_sec_cmpt_lo_ma_zs,"Lower secondary completion rate, male (% of relevant age group)",SE.SEC.CMPT.LO.MA.ZS,education
se_sec_cmpt_lo_fe_zs,"Lower secondary completion rate, female (% of relevant age group)",SE.SEC.CMPT.LO.FE.ZS,education
se_sec_ages,Lower secondary school starting age (years),SE.SEC.AGES,education
se_prm_uner_zs,Children out of school (% of primary school age),SE.PRM.UNER.ZS,education
se_prm_uner_ma_zs,"Children out of school, male (% of male primary school age)",SE.PRM.UNER.MA.ZS,education
se_prm_uner_ma,"Children out of school, primary, male",SE.PRM.UNER.MA,education
se_prm_uner_fe_zs,"Children out of school, female (% of female primary school age)",SE.PRM.UNER.FE.ZS,education
se_prm_uner_fe,"Children out of school, primary, female",SE.PRM.UNER.FE,education
se_prm_uner,"Children out of school, primary",SE.PRM.UNER,education
se_prm_tenr_ma,"Adjusted net enrollment rate, primary, male (% of primary school age children)",SE.PRM.TENR.MA,education
se_prm_tenr_fe,"Adjusted net enrollment rate, primary, female (% of primary school age children)",SE.PRM.TENR.FE,education
se_prm_tenr,"Adjusted net enrollment rate, primary (% of primary school age children)",SE.PRM.TENR,education
se_prm_tchr_fe_zs,"Primary education, teachers (% female)",SE.PRM.TCHR.FE.ZS,education
se_prm_tchr,"Primary education, teachers",SE.PRM.TCHR,education
se_prm_tcaq_zs,Trained teachers in primary education (% of total teachers),SE.PRM.TCAQ.ZS,education
se_prm_tcaq_ma_zs,"Trained teachers in primary education, male (% of male teachers)",SE.PRM.TCAQ.MA.ZS,education
se_prm_tcaq_fe_zs,"Trained teachers in primary education, female (% of female teachers)",SE.PRM.TCAQ.FE.ZS,education
se_prm_rept_zs,"Repeaters, primary, total (% of total enrollment)",SE.PRM.REPT.ZS,education
se_prm_rept_ma_zs,"Repeaters, primary, male (% of male enrollment)",SE.PRM.REPT.MA.ZS,education
se_prm_rept_fe_zs,"Repeaters, primary, female (% of female enrollment)",SE.PRM.REPT.FE.ZS,education
se_prm_prsl_zs,"Persistence to last grade of primary, total (% of cohort)",SE.PRM.PRSL.ZS,education
se_prm_prsl_ma_zs,"Persistence to last grade of primary, male (% of cohort)",SE.PRM.PRSL.MA.ZS,education
se_prm_prsl_fe_zs,"Persistence to last grade of primary, female (% of cohort)",SE.PRM.PRSL.FE.ZS,education
se_prm_prs5_zs,"Persistence to grade 5, total (% of cohort)",SE.PRM.PRS5.ZS,education
se_prm_prs5_ma_zs,"Persistence to grade 5, male (% of cohort)",SE.PRM.PRS5.MA.ZS,education
se_prm_prs5_fe_zs,"Persistence to grade 5, female (% of cohort)",SE.PRM.PRS5.FE.ZS,education
se_prm_priv_zs,"School enrollment, primary, private (% of total primary)",SE.PRM.PRIV.ZS,education
se_prm_oenr_zs,"Over-age students, primary (% of enrollment)",SE.PRM.OENR.ZS,education
se_prm_oenr_ma_zs,"Over-age students, primary, male (% of male enrollment)",SE.PRM.OENR.MA.ZS,education
se_prm_oenr_fe_zs,"Over-age students, primary, female (% of female enrollment)",SE.PRM.OENR.FE.ZS,education
se_prm_nint_zs,Net intake rate in grade 1 (% of official school-age population),SE.PRM.NINT.ZS,education
se_prm_nint_ma_zs,"Net intake rate in grade 1, male (% of official school-age population)",SE.PRM.NINT.MA.ZS,education
se_prm_nint_fe_zs,"Net intake rate in grade 1, female (% of official school-age population)",SE.PRM.NINT.FE.ZS,education
se_prm_nenr_ma,"School enrollment, primary, male (% net)",SE.PRM.NENR.MA,education
se_prm_nenr_fe,"School enrollment, primary, female (% net)",SE.PRM.NENR.FE,education
se_prm_nenr,"School enrollment, primary (% net)",SE.PRM.NENR,education
se_prm_gint_zs,"Gross intake ratio in first grade of primary education, total (% of relevant age group)",SE.PRM.GINT.ZS,education
se_prm_gint_ma_zs,"Gross intake ratio in first grade of primary education, male (% of relevant age group)",SE.PRM.GINT.MA.ZS,education
se_prm_gint_fe_zs,"Gross intake ratio in first grade of primary education, female (% of relevant age group)",SE.PRM.GINT.FE.ZS,education
se_prm_enrr_ma,"School enrollment, primary, male (% gross)",SE.PRM.ENRR.MA,education
se_prm_enrr_fe,"School enrollment, primary, female (% gross)",SE.PRM.ENRR.FE,education
se_prm_enrr,"School enrollment, primary (% gross)",SE.PRM.ENRR,education
se_prm_enrl_tc_zs,"Pupil-teacher ratio, primary",SE.PRM.ENRL.TC.ZS,education
se_prm_enrl_fe_zs,"Primary education, pupils (% female)",SE.PRM.ENRL.FE.ZS,education
se_prm_enrl,"Primary education, pupils",SE.PRM.ENRL,education
se_prm_durs,"Primary education, duration (years)",SE.PRM.DURS,education
se_prm_cuat_zs,"Educational attainment, at least completed primary, population 25+ years, total (%) (cumulative)",SE.PRM.CUAT.ZS,education
se_prm_cuat_ma_zs,"Educational attainment, at least completed primary, population 25+ years, male (%) (cumulative)",SE.PRM.CUAT.MA.ZS,education
se_prm_cuat_fe_zs,"Educational attainment, at least completed primary, population 25+ years, female (%) (cumulative)",SE.PRM.CUAT.FE.ZS,education
se_prm_cmpt_zs,"Primary completion rate, total (% of relevant age group)",SE.PRM.CMPT.ZS,education
se_prm_cmpt_ma_zs,"Primary completion rate, male (% of relevant age group)",SE.PRM.CMPT.MA.ZS,education
se_prm_cmpt_fe_zs,"Primary completion rate, female (% of relevant age group)",SE.PRM.CMPT.FE.ZS,education
se_prm_ages,Primary school starting age (years),SE.PRM.AGES,education
se_pre_tcaq_zs,Trained teachers in preprimary education (% of total teachers),SE.PRE.TCAQ.ZS,education
se_pre_tcaq_ma_zs,"Trained teachers in preprimary education, male (% of male teachers)",SE.PRE.TCAQ.MA.ZS,education
se_pre_tcaq_fe_zs,"Trained teachers in preprimary education, female (% of female teachers)",SE.PRE.TCAQ.FE.ZS,education
se_pre_enrr_ma,"School enrollment, preprimary, male (% gross)",SE.PRE.ENRR.MA,education
se_pre_enrr_fe,"School enrollment, preprimary, female (% gross)",SE.PRE.ENRR.FE,education
se_pre_enrr,"School enrollment, preprimary (% gross)",SE.PRE.ENRR,education
se_pre_enrl_tc_zs,"Pupil-teacher ratio, preprimary",SE.PRE.ENRL.TC.ZS,education
se_pre_durs,"Preprimary education, duration (years)",SE.PRE.DURS,education
se_enr_tert_fm_zs,"School enrollment, tertiary (gross), gender parity index (GPI)",SE.ENR.TERT.FM.ZS,education
se_enr_seco_fm_zs,"School enrollment, secondary (gross), gender parity index (GPI)",SE.ENR.SECO.FM.ZS,education
se_enr_prsc_fm_zs,"School enrollment, primary and secondary (gross), gender parity index (GPI)",SE.ENR.PRSC.FM.ZS,education
se_enr_prim_fm_zs,"School enrollment, primary (gross), gender parity index (GPI)",SE.ENR.PRIM.FM.ZS,education
se_com_durs,"Compulsory education, duration (years)",SE.COM.DURS,education
se_adt_litr_zs,"Literacy rate, adult total (% of people ages 15 and above)",SE.ADT.LITR.ZS,education
se_adt_litr_ma_zs,"Literacy rate, adult male (% of males ages 15 and above)",SE.ADT.LITR.MA.ZS,education
se_adt_litr_fe_zs,"Literacy rate, adult female (% of females ages 15 and above)",SE.ADT.LITR.FE.ZS,education
se_adt_1524_lt_zs,"Literacy rate, youth total (% of people ages 15-24)",SE.ADT.1524.LT.ZS,education
se_adt_1524_lt_ma_zs,"Literacy rate, youth male (% of males ages 15-24)",SE.ADT.1524.LT.MA.ZS,education
se_adt_1524_lt_fm_zs,"Literacy rate, youth (ages 15-24), gender parity index (GPI)",SE.ADT.1524.LT.FM.ZS,education
se_adt_1524_lt_fe_zs,"Literacy rate, youth female (% of females ages 15-24)",SE.ADT.1524.LT.FE.ZS,education
tx_val_trvl_zs_wt,Travel services (% of commercial service exports),TX.VAL.TRVL.ZS.WT,infrastructure
tx_val_tran_zs_wt,Transport services (% of commercial service exports),TX.VAL.TRAN.ZS.WT,infrastructure
tx_val_tech_mf_zs,High-technology exports (% of manufactured exports),TX.VAL.TECH.MF.ZS,infrastructure
tx_val_tech_cd,High-technology exports (current US$),TX.VAL.TECH.CD,infrastructure
tx_val_serv_cd_wt,Commercial service exports (current US$),TX.VAL.SERV.CD.WT,infrastructure
tx_val_othr_zs_wt,"Computer, communications and other services (% of commercial service exports)",TX.VAL.OTHR.ZS.WT,infrastructure
tx_val_mrch_xd_wd,Export value index (2000 = 100),TX.VAL.MRCH.XD.WD,infrastructure
tx_val_mrch_wr_zs,Merchandise exports to low- and middle-income economies within region (% of total merchandise exports),TX.VAL.MRCH.WR.ZS,infrastructure
tx_val_mrch_wl_cd,Merchandise exports by the reporting economy (current US$),TX.VAL.MRCH.WL.CD,infrastructure
tx_val_mrch_rs_zs,"Merchandise exports by the reporting economy, residual (% of total merchandise exports)",TX.VAL.MRCH.RS.ZS,infrastructure
tx_val_mrch_r6_zs,Merchandise exports to low- and middle-income economies in Sub-Saharan Africa (% of total merchandise exports),TX.VAL.MRCH.R6.ZS,infrastructure
tx_val_mrch_r5_zs,Merchandise exports to low- and middle-income economies in South Asia (% of total merchandise exports),TX.VAL.MRCH.R5.ZS,infrastructure
tx_val_mrch_r4_zs,Merchandise exports to low- and middle-income economies in Middle East & North Africa (% of total merchandise exports),TX.VAL.MRCH.R4.ZS,infrastructure
tx_val_mrch_r3_zs,Merchandise exports to low- and middle-income economies in Latin America & the Caribbean (% of total merchandise exports),TX.VAL.MRCH.R3.ZS,infrastructure
tx_val_mrch_r2_zs,Merchandise exports to low- and middle-income economies in Europe & Central Asia (% of total merchandise exports),TX.VAL.MRCH.R2.ZS,infrastructure
tx_val_mrch_r1_zs,Merchandise exports to low- and middle-income economies in East Asia & Pacific (% of total merchandise exports),TX.VAL.MRCH.R1.ZS,infrastructure
tx_val_mrch_or_zs,Merchandise exports to low- and middle-income economies outside region (% of total merchandise exports),TX.VAL.MRCH.OR.ZS,infrastructure
tx_val_mrch_hi_zs,Merchandise exports to high-income economies (% of total merchandise exports),TX.VAL.MRCH.HI.ZS,infrastructure
tx_val_mrch_cd_wt,Merchandise exports (current US$),TX.VAL.MRCH.CD.WT,infrastructure
tx_val_mrch_al_zs,Merchandise exports to economies in the Arab World (% of total merchandise exports),TX.VAL.MRCH.AL.ZS,infrastructure
tx_val_mmtl_zs_un,Ores and metals exports (% of merchandise exports),TX.VAL.MMTL.ZS.UN,infrastructure
tx_val_manf_zs_un,Manufactures exports (% of merchandise exports),TX.VAL.MANF.ZS.UN,infrastructure
tx_val_insf_zs_wt,Insurance and financial services (% of commercial service exports),TX.VAL.INSF.ZS.WT,infrastructure
tx_val_ictg_zs_un,ICT goods exports (% of total goods exports),TX.VAL.ICTG.ZS.UN,infrastructure
tx_val_fuel_zs_un,Fuel exports (% of merchandise exports),TX.VAL.FUEL.ZS.UN,infrastructure
tx_val_food_zs_un,Food exports (% of merchandise exports),TX.VAL.FOOD.ZS.UN,infrastructure
tx_val_agri_zs_un,Agricultural raw materials exports (% of merchandise exports),TX.VAL.AGRI.ZS.UN,infrastructure
tx_uvi_mrch_xd_wd,Export unit value index (2015 = 100),TX.UVI.MRCH.XD.WD,infrastructure
tx_qty_mrch_xd_wd,Export volume index (2000 = 100),TX.QTY.MRCH.XD.WD,infrastructure
tx_mnf_tech_zs_un,Medium and high-tech exports (% manufactured exports),TX.MNF.TECH.ZS.UN,infrastructure
tt_pri_mrch_xd_wd,Net barter terms of trade index (2000 = 100),TT.PRI.MRCH.XD.WD,infrastructure
tm_val_trvl_zs_wt,Travel services (% of commercial service imports),TM.VAL.TRVL.ZS.WT,infrastructure
tm_val_tran_zs_wt,Transport services (% of commercial service imports),TM.VAL.TRAN.ZS.WT,infrastructure
tm_val_serv_cd_wt,Commercial service imports (current US$),TM.VAL.SERV.CD.WT,infrastructure
tm_val_othr_zs_wt,"Computer, communications and other services (% of commercial service imports)",TM.VAL.OTHR.ZS.WT,infrastructure
tm_val_mrch_xd_wd,Import value index (2000 = 100),TM.VAL.MRCH.XD.WD,infrastructure
tm_val_mrch_wr_zs,Merchandise imports from low- and middle-income economies within region (% of total merchandise imports),TM.VAL.MRCH.WR.ZS,infrastructure
tm_val_mrch_wl_cd,Merchandise imports by the reporting economy (current US$),TM.VAL.MRCH.WL.CD,infrastructure
tm_val_mrch_rs_zs,"Merchandise imports by the reporting economy, residual (% of total merchandise imports)",TM.VAL.MRCH.RS.ZS,infrastructure
tm_val_mrch_r6_zs,Merchandise imports from low- and middle-income economies in Sub-Saharan Africa (% of total merchandise imports),TM.VAL.MRCH.R6.ZS,infrastructure
tm_val_mrch_r5_zs,Merchandise imports from low- and middle-income economies in South Asia (% of total merchandise imports),TM.VAL.MRCH.R5.ZS,infrastructure
tm_val_mrch_r4_zs,Merchandise imports from low- and middle-income economies in Middle East & North Africa (% of total merchandise imports),TM.VAL.MRCH.R4.ZS,infrastructure
tm_val_mrch_r3_zs,Merchandise imports from low- and middle-income economies in Latin America & the Caribbean (% of total merchandise imports),TM.VAL.MRCH.R3.ZS,infrastructure
tm_val_mrch_r2_zs,Merchandise imports from low- and middle-income economies in Europe & Central Asia (% of total merchandise imports),TM.VAL.MRCH.R2.ZS,infrastructure
tm_val_mrch_r1_zs,Merchandise imports from low- and middle-income economies in East Asia & Pacific (% of total merchandise imports),TM.VAL.MRCH.R1.ZS,infrastructure
tm_val_mrch_or_zs,Merchandise imports from low- and middle-income economies outside region (% of total merchandise imports),TM.VAL.MRCH.OR.ZS,infrastructure
tm_val_mrch_hi_zs,Merchandise imports from high-income economies (% of total merchandise imports),TM.VAL.MRCH.HI.ZS,infrastructure
tm_val_mrch_cd_wt,Merchandise imports (current US$),TM.VAL.MRCH.CD.WT,infrastructure
tm_val_mrch_al_zs,Merchandise imports from economies in the Arab World (% of total merchandise imports),TM.VAL.MRCH.AL.ZS,infrastructure
tm_val_mmtl_zs_un,Ores and metals imports (% of merchandise imports),TM.VAL.MMTL.ZS.UN,infrastructure
tm_val_manf_zs_un,Manufactures imports (% of merchandise imports),TM.VAL.MANF.ZS.UN,infrastructure
tm_val_insf_zs_wt,Insurance and financial services (% of commercial service imports),TM.VAL.INSF.ZS.WT,infrastructure
tm_val_ictg_zs_un,ICT goods imports (% total goods imports),TM.VAL.ICTG.ZS.UN,infrastructure
tm_val_fuel_zs_un,Fuel imports (% of merchandise imports),TM.VAL.FUEL.ZS.UN,infrastructure
tm_val_food_zs_un,Food imports (% of merchandise imports),TM.VAL.FOOD.ZS.UN,infrastructure
tm_val_agri_zs_un,Agricultural raw materials imports (% of merchandise imports),TM.VAL.AGRI.ZS.UN,infrastructure
tm_uvi_mrch_xd_wd,Import unit value index (2015 = 100),TM.UVI.MRCH.XD.WD,infrastructure
tm_tax_tcom_wm_fn_zs,"Tariff rate, most favored nation, weighted mean, primary products (%)",TM.TAX.TCOM.WM.FN.ZS,infrastructure
tm_tax_tcom_wm_ar_zs,"Tariff rate, applied, weighted mean, primary products (%)",TM.TAX.TCOM.WM.AR.ZS,infrastructure
tm_tax_tcom_sr_zs,"Share of tariff lines with specific rates, primary products (%)",TM.TAX.TCOM.SR.ZS,infrastructure
tm_tax_tcom_sm_fn_zs,"Tariff rate, most favored nation, simple mean, primary products (%)",TM.TAX.TCOM.SM.FN.ZS,infrastructure
tm_tax_tcom_sm_ar_zs,"Tariff rate, applied, simple mean, primary products (%)",TM.TAX.TCOM.SM.AR.ZS,infrastructure
tm_tax_tcom_ip_zs,"Share of tariff lines with international peaks, primary products (%)",TM.TAX.TCOM.IP.ZS,infrastructure
tm_tax_tcom_br_zs,"Bound rate, simple mean, primary products (%)",TM.TAX.TCOM.BR.ZS,infrastructure
tm_tax_tcom_bc_zs,"Binding coverage, primary products (%)",TM.TAX.TCOM.BC.ZS,infrastructure
tm_tax_mrch_wm_fn_zs,"Tariff rate, most favored nation, weighted mean, all products (%)",TM.TAX.MRCH.WM.FN.ZS,infrastructure
tm_tax_mrch_wm_ar_zs,"Tariff rate, applied, weighted mean, all products (%)",TM.TAX.MRCH.WM.AR.ZS,infrastructure
tm_tax_mrch_sr_zs,"Share of tariff lines with specific rates, all products (%)",TM.TAX.MRCH.SR.ZS,infrastructure
tm_tax_mrch_sm_fn_zs,"Tariff rate, most favored nation, simple mean, all products (%)",TM.TAX.MRCH.SM.FN.ZS,infrastructure
tm_tax_mrch_sm_ar_zs,"Tariff rate, applied, simple mean, all products (%)",TM.TAX.MRCH.SM.AR.ZS,infrastructure
tm_tax_mrch_ip_zs,"Share of tariff lines with international peaks, all products (%)",TM.TAX.MRCH.IP.ZS,infrastructure
tm_tax_mrch_br_zs,"Bound rate, simple mean, all products (%)",TM.TAX.MRCH.BR.ZS,infrastructure
tm_tax_mrch_bc_zs,"Binding coverage, all products (%)",TM.TAX.MRCH.BC.ZS,infrastructure
tm_tax_manf_wm_fn_zs,"Tariff rate, most favored nation, weighted mean, manufactured products (%)",TM.TAX.MANF.WM.FN.ZS,infrastructure
tm_tax_manf_wm_ar_zs,"Tariff rate, applied, weighted mean, manufactured products (%)",TM.TAX.MANF.WM.AR.ZS,infrastructure
tm_tax_manf_sr_zs,"Share of tariff lines with specific rates, manufactured products (%)",TM.TAX.MANF.SR.ZS,infrastructure
tm_tax_manf_sm_fn_zs,"Tariff rate, most favored nation, simple mean, manufactured products (%)",TM.TAX.MANF.SM.FN.ZS,infrastructure
tm_tax_manf_sm_ar_zs,"Tariff rate, applied, simple mean, manufactured products (%)",TM.TAX.MANF.SM.AR.ZS,infrastructure
tm_tax_manf_ip_zs,"Share of tariff lines with international peaks, manufactured products (%)",TM.TAX.MANF.IP.ZS,infrastructure
tm_tax_manf_br_zs,"Bound rate, simple mean, manufactured products (%)",TM.TAX.MANF.BR.ZS,infrastructure
tm_tax_manf_bc_zs,"Binding coverage, manufactured products (%)",TM.TAX.MANF.BC.ZS,infrastructure
tm_qty_mrch_xd_wd,Import volume index (2000 = 100),TM.QTY.MRCH.XD.WD,infrastructure
tg_val_totl_gd_zs,Merchandise trade (% of GDP),TG.VAL.TOTL.GD.ZS,infrastructure
st_int_xpnd_mp_zs,"International tourism, expenditures (% of total imports)",ST.INT.XPND.MP.ZS,infrastructure
st_int_xpnd_cd,"International tourism, expenditures (current US$)",ST.INT.XPND.CD,infrastructure
st_int_tvlx_cd,"International tourism, expenditures for travel items (current US$)",ST.INT.TVLX.CD,infrastructure
st_int_tvlr_cd,"International tourism, receipts for travel items (current US$)",ST.INT.TVLR.CD,infrastructure
st_int_trnx_cd,"International tourism, expenditures for passenger transport items (current US$)",ST.INT.TRNX.CD,infrastructure
st_int_trnr_cd,"International tourism, receipts for passenger transport items (current US$)",ST.INT.TRNR.CD,infrastructure
st_int_rcpt_xp_zs,"International tourism, receipts (% of total exports)",ST.INT.RCPT.XP.ZS,infrastructure
st_int_rcpt_cd,"International tourism, receipts (current US$)",ST.INT.RCPT.CD,infrastructure
st_int_dprt,"International tourism, number of departures",ST.INT.DPRT,infrastructure
st_int_arvl,"International tourism, number of arrivals",ST.INT.ARVL,infrastructure
ms_mil_xprt_kd,Arms exports (SIPRI trend indicator values),MS.MIL.XPRT.KD,infrastructure
ms_mil_mprt_kd,Arms imports (SIPRI trend indicator values),MS.MIL.MPRT.KD,infrastructure
lp_lpi_trac_xq,Logistics performance index: Ability to track and trace consignments (1=low to 5=high),LP.LPI.TRAC.XQ,infrastructure
lp_lpi_time_xq,Logistics performance index: Frequency with which shipments reach consignee within scheduled or expected time (1=low to 5=high),LP.LPI.TIME.XQ,infrastructure
lp_lpi_ovrl_xq,Logistics performance index: Overall (1=low to 5=high),LP.LPI.OVRL.XQ,infrastructure
lp_lpi_logs_xq,Logistics performance index: Competence and quality of logistics services (1=low to 5=high),LP.LPI.LOGS.XQ,infrastructure
lp_lpi_itrn_xq,Logistics performance index: Ease of arranging competitively priced shipments (1=low to 5=high),LP.LPI.ITRN.XQ,infrastructure
lp_lpi_infr_xq,Logistics performance index: Quality of trade and transport-related infrastructure (1=low to 5=high),LP.LPI.INFR.XQ,infrastructure
lp_lpi_cust_xq,Logistics performance index: Efficiency of customs clearance process (1=low to 5=high),LP.LPI.CUST.XQ,infrastructure
lp_imp_durs_md,"Lead time to import, median case (days)",LP.IMP.DURS.MD,infrastructure
lp_exp_durs_md,"Lead time to export, median case (days)",LP.EXP.DURS.MD,infrastructure
ic_imp_tmdc,"Time to import, documentary compliance (hours)",IC.IMP.TMDC,infrastructure
ic_imp_tmbc,"Time to import, border compliance (hours)",IC.IMP.TMBC,infrastructure
ic_imp_csdc_cd,"Cost to import, documentary compliance (US$)",IC.IMP.CSDC.CD,infrastructure
ic_imp_csbc_cd,"Cost to import, border compliance (US$)",IC.IMP.CSBC.CD,infrastructure
ic_exp_tmdc,"Time to export, documentary compliance (hours)",IC.EXP.TMDC,infrastructure
ic_exp_tmbc,"Time to export, border compliance (hours)",IC.EXP.TMBC,infrastructure
ic_exp_csdc_cd,"Cost to export, documentary compliance (US$)",IC.EXP.CSDC.CD,infrastructure
ic_exp_csbc_cd,"Cost to export, border compliance (US$)",IC.EXP.CSBC.CD,infrastructure
ic_cus_durs_ex,Average time to clear exports through customs (days),IC.CUS.DURS.EX,infrastructure
gc_tax_impt_zs,Customs and other import duties (% of tax revenue),GC.TAX.IMPT.ZS,infrastructure
gc_tax_expt_zs,Taxes on exports (% of tax revenue),GC.TAX.EXPT.ZS,infrastructure
eg_imp_cons_zs,"Energy imports, net (% of energy use)",EG.IMP.CONS.ZS,infrastructure
it_net_user_zs,Individuals using the Internet (% of population),IT.NET.USER.ZS,trade
it_net_secr_p6,Secure Internet servers (per 1 million people),IT.NET.SECR.P6,trade
it_net_secr,Secure Internet servers,IT.NET.SECR,trade
it_net_bbnd_p2,Fixed broadband subscriptions (per 100 people),IT.NET.BBND.P2,trade
it_net_bbnd,Fixed broadband subscriptions,IT.NET.BBND,trade
it_mlt_main_p2,Fixed telephone subscriptions (per 100 people),IT.MLT.MAIN.P2,trade
it_mlt_main,Fixed telephone subscriptions,IT.MLT.MAIN,trade
it_cel_sets_p2,Mobile cellular subscriptions (per 100 people),IT.CEL.SETS.P2,trade
it_cel_sets,Mobile cellular subscriptions,IT.CEL.SETS,trade
is_shp_good_tu,Container port traffic (TEU: 20 foot equivalent units),IS.SHP.GOOD.TU,trade
is_shp_gcnw_xq,Liner shipping connectivity index (maximum value in 2004 = 100),IS.SHP.GCNW.XQ,trade
is_rrs_totl_km,Rail lines (total route-km),IS.RRS.TOTL.KM,trade
is_rrs_pasg_km,"Railways, passengers carried (million passenger-km)",IS.RRS.PASG.KM,trade
is_rrs_good_mt_k6,"Railways, goods transported (million ton-km)",IS.RRS.GOOD.MT.K6,trade
is_air_psgr,"Air transport, passengers carried",IS.AIR.PSGR,trade
is_air_good_mt_k1,"Air transport, freight (million ton-km)",IS.AIR.GOOD.MT.K1,trade
is_air_dprt,"Air transport, registered carrier departures worldwide",IS.AIR.DPRT,trade
ip_tmk_rsct,"Trademark applications, resident, by count",IP.TMK.RSCT,trade
ip_tmk_nrct,"Trademark applications, nonresident, by count",IP.TMK.NRCT,trade
ip_ids_rsct,"Industrial design applications, resident, by count",IP.IDS.RSCT,trade
ip_ids_nrct,"Industrial design applications, nonresident, by count",IP.IDS.NRCT,trade
ie_ppn_watr_cd,Public private partnerships investment in water and sanitation (current US$),IE.PPN.WATR.CD,trade
ie_ppn_tran_cd,Public private partnerships investment in transport (current US$),IE.PPN.TRAN.CD,trade
ie_ppn_icti_cd,Public private partnerships investment in ICT (current US$),IE.PPN.ICTI.CD,trade
ie_ppn_engy_cd,Public private partnerships investment in energy (current US$),IE.PPN.ENGY.CD,trade
ie_ppi_watr_cd,Investment in water and sanitation with private participation (current US$),IE.PPI.WATR.CD,trade
ie_ppi_tran_cd,Investment in transport with private participation (current US$),IE.PPI.TRAN.CD,trade
ie_ppi_icti_cd,Investment in ICT with private participation (current US$),IE.PPI.ICTI.CD,trade
ie_ppi_engy_cd,Investment in energy with private participation (current US$),IE.PPI.ENGY.CD,trade
er_h2o_intr_pc,Renewable internal freshwater resources per capita (cubic meters),ER.H2O.INTR.PC,trade
er_h2o_intr_k3,"Renewable internal freshwater resources, total (billion cubic meters)",ER.H2O.INTR.K3,trade
er_h2o_fwtl_zs,"Annual freshwater withdrawals, total (% of internal resources)",ER.H2O.FWTL.ZS,trade
er_h2o_fwtl_k3,"Annual freshwater withdrawals, total (billion cubic meters)",ER.H2O.FWTL.K3,trade
er_h2o_fwin_zs,"Annual freshwater withdrawals, industry (% of total freshwater withdrawal)",ER.H2O.FWIN.ZS,trade
er_h2o_fwdm_zs,"Annual freshwater withdrawals, domestic (% of total freshwater withdrawal)",ER.H2O.FWDM.ZS,trade
er_h2o_fwag_zs,"Annual freshwater withdrawals, agriculture (% of total freshwater withdrawal)",ER.H2O.FWAG.ZS,trade
eg_use_elec_kh_pc,Electric power consumption (kWh per capita),EG.USE.ELEC.KH.PC,trade
eg_elc_petr_zs,Electricity production from oil sources (% of total),EG.ELC.PETR.ZS,trade
eg_elc_nucl_zs,Electricity production from nuclear sources (% of total),EG.ELC.NUCL.ZS,trade
eg_elc_ngas_zs,Electricity production from natural gas sources (% of total),EG.ELC.NGAS.ZS,trade
eg_elc_loss_zs,Electric power transmission and distribution losses (% of output),EG.ELC.LOSS.ZS,trade
eg_elc_hyro_zs,Electricity production from hydroelectric sources (% of total),EG.ELC.HYRO.ZS,trade
eg_elc_coal_zs,Electricity production from coal sources (% of total),EG.ELC.COAL.ZS,trade
